alg,puzzle,F%,solution_rate,time_mean,time_std,cycles_mean
2,25x25,45,97.0,5.96389,15.707264,494.361
2,25x25,50,99.0,0.699843,3.682188,69.293
