alg,puzzle,F%,solution_rate,time_mean,time_std,cycles_mean
2,25x25,45,95.0,4.680117,12.337365,341.958
2,25x25,50,98.0,1.107636,5.807641,103.673
