alg,puzzle,F%,solution_rate,time_mean,time_std,cycles_mean
2,25x25,45,96.0,4.913136,11.123724,412.438
2,25x25,50,100.0,0.763507,2.726729,90.27
