alg,puzzle,F%,solution_rate,time_mean,time_std,cycles_mean
2,25x25,45,93.0,8.133301,12.774945,393.667
2,25x25,50,100.0,1.977135,6.352176,69.37
