alg,puzzle,F%,solution_rate,time_mean,time_std,cycles_mean
2,25x25,45,97.0,3.742864,5.679524,293.113
2,25x25,50,100.0,1.532891,8.750452,164.06
