alg,puzzle,F%,solution_rate,time_mean,time_std,cycles_mean
2,25x25,45,96.0,5.220944,12.277182,448.448
2,25x25,50,100.0,0.514639,1.443239,65.88
