alg,puzzle,F%,solution_rate,time_mean,time_std,cycles_mean
2,25x25,45,96.0,5.045042,9.973035,421.75
2,25x25,50,100.0,2.253191,8.640268,284.85
