alg,puzzle,F%,solution_rate,time_mean,time_std,cycles_mean
2,25x25,45,99.0,4.945329,11.965336,353.687
2,25x25,50,100.0,0.850521,5.512201,78.06
