alg,puzzle,F%,solution_rate,time_mean,time_std,cycles_mean
2,25x25,45,97.0,4.530431,7.162203,369.567
2,25x25,50,99.0,0.930641,3.820198,105.96
