alg,puzzle,F%,solution_rate,time_mean,time_std,cycles_mean
2,25x25,45,96.0,6.399673,14.970956,462.375
2,25x25,50,99.0,1.22099,5.007758,109.424
