alg,puzzle,F%,solution_rate,time_mean,time_std,cycles_mean
2,25x25,45,97.0,5.265992,11.35344,145.887
2,25x25,50,100.0,1.454555,7.929662,62.38
