alg,puzzle,F%,solution_rate,time_mean,time_std,cycles_mean
2,25x25,45,97.0,5.583795,12.675074,443.082
2,25x25,50,100.0,0.711584,4.006556,79.16
