alg,puzzle,F%,solution_rate,time_mean,time_std,cycles_mean
2,25x25,45,96.0,4.690034,7.965279,410.49
2,25x25,50,99.0,0.482188,1.234347,62.424
