alg,puzzle,F%,solution_rate,time_mean,time_std,cycles_mean
2,25x25,45,96.0,5.246513,11.344508,360.729
2,25x25,50,100.0,0.811415,2.41937,100.29
